op_id,op_name,op_password
3000000,qjunn,mjeupfxgikbd
3000001,pznjf,yizsxfxkqivy
3000002,dksmt,zgvyugrqcsfv
3000003,tmvix,iffdkjdecsud
3000004,ylhca,czptufcvrabf
3000005,trqtw,dqxfmzoplqqw
3000006,juhvj,ngmmpanjjdhs
3000007,esghv,zsmrejvrievj
3000008,kbcpc,qzxibgfdqsni
3000009,hfizx,eyghnsxuubcr
3000010,mowhz,knytdjsgwmug
3000011,lfebt,rmiywshjfnlt
3000012,varkt,ulvfyohvysqb
3000013,kpovp,tricxqvhgkrr
3000014,bcgtk,qpfbqsmwnzcx
3000015,tletq,zhqjbmioaxnf
3000016,amamw,rfmyplmkqybr
3000017,koosc,nhxipylpphwn
3000018,rytql,mzjbalwheeka
3000019,ehycs,iwotgohdwyvy
3000020,tfyjc,ccyjokrwvloj
3000021,iyxto,uiffwhkcznqg
3000022,eqjee,yhzopbzfcuqz
3000023,cbtvk,veutdklbhqtk
3000024,ivute,maswruapfzta
3000025,sywtd,izshvgmjjaru
3000026,jfvpj,cbkfruogdrsc
3000027,rdtwp,xnzmsqsisshe
3000028,dhrzz,qnzkaewdfryk
3000029,knjnv,ifcdauvxuhvj
3000030,ckexd,nbouyikeqwot
3000031,wstph,gskfuefcmhpu
3000032,oqyoo,wlpsrxeqjcsx
3000033,kaaat,dmpysuzurdfb
3000034,ouecf,nymdujffnfkp
3000035,zcrpz,tegnltqcplaq
3000036,pdtlx,cwkwsefjeqhi
3000037,nquwl,gjzbtivjxevb
3000038,bpmue,gvpfczbxpier
3000039,ftmyi,nfbxhfbzlksh
3000040,dawwc,liqihhwalilh
3000041,eznxc,jzocqvduqkau
3000042,lzfdv,gknmkqqvafjp
3000043,mmxge,fzgczatkayjq
3000044,osqut,vebqjnmsnpeu
3000045,wfvjx,jaasuwttrers
3000046,jdzen,abuqlnojhmej
3000047,raghf,piugbjefxwfj
3000048,lhwrl,jtlevucsqiro
3000049,jdvdj,ryhuluxsojtn
